date,ticker,sector,best_horizon,best_score,best_prob_up,pick_return
2022-03-28,HD,ConsumerDiscretionary,out_21d,0.7676852345466614,0.8065587878227234,-0.0019212492393227553
2022-03-28,META,CommunicationServices,out_21d,0.6579365730285645,0.698041558265686,-0.010359093108244486
2022-03-28,MSFT,Technology,out_21d,0.6228662729263306,0.6740506887435913,-0.0042116849491381555
2022-03-29,HD,ConsumerDiscretionary,out_21d,0.7769176959991455,0.8188362717628479,-0.0008917931832001328
2022-03-29,META,CommunicationServices,out_21d,0.6520932912826538,0.6927768588066101,-0.004998908680342045
2022-03-29,PG,ConsumerStaples,out_21d,0.5832632184028625,0.645531415939331,0.002715978373904
2022-03-30,HD,ConsumerDiscretionary,out_21d,0.7547773718833923,0.797940194606781,-0.0012442806784802426
2022-03-30,META,CommunicationServices,out_21d,0.6191911101341248,0.6683987379074097,-0.005722229075576396
2022-03-30,DIS,CommunicationServices,out_21d,0.5896725654602051,0.646879255771637,-0.009908248377971425
2022-03-31,HD,ConsumerDiscretionary,out_21d,0.752895176410675,0.7949352860450745,0.0012154174305105787
2022-03-31,META,CommunicationServices,out_21d,0.5975852608680725,0.6490439772605896,-0.002404937624562794
2022-03-31,DIS,CommunicationServices,out_21d,0.5527665019035339,0.608997106552124,-0.008214255281729425
2022-04-01,HD,ConsumerDiscretionary,out_21d,0.766461968421936,0.8061763644218445,0.00048425292313332885
2022-04-01,META,CommunicationServices,out_21d,0.6694912314414978,0.7089985609054565,-0.002715033204082718
2022-04-01,DIS,CommunicationServices,out_21d,0.5524492263793945,0.6076597571372986,-0.008150850452198169
2022-04-04,HD,ConsumerDiscretionary,out_21d,0.7743145227432251,0.8110681176185608,0.0015162349962520225
2022-04-04,META,CommunicationServices,out_21d,0.6687431931495667,0.7130506038665771,-0.002133685432895747
2022-04-05,HD,ConsumerDiscretionary,out_21d,0.7946272492408752,0.8318471312522888,-0.0008981534020784176
2022-04-05,META,CommunicationServices,out_21d,0.6499188542366028,0.6968675851821899,-0.004839132457854252
2022-04-06,HD,ConsumerDiscretionary,out_21d,0.7480014562606812,0.7871286273002625,-0.0006747165731338246
2022-04-06,META,CommunicationServices,out_21d,0.6285394430160522,0.6701178550720215,-0.004164796332540844
2022-04-07,HD,ConsumerDiscretionary,out_21d,0.7393016815185547,0.7846677303314209,-0.0008996936306426205
2022-04-07,META,CommunicationServices,out_21d,0.693292498588562,0.7293146252632141,-0.005711297933812294
2022-04-08,HD,ConsumerDiscretionary,out_21d,0.716958224773407,0.7567565441131592,-0.003053565314767695
2022-04-08,META,CommunicationServices,out_21d,0.6769319176673889,0.7223429083824158,-0.00528600884527764
2022-04-11,META,CommunicationServices,out_21d,0.6858400106430054,0.7323876023292542,-0.00609812335099094
2022-04-11,HD,ConsumerDiscretionary,out_21d,0.6653739809989929,0.7164595723152161,-0.0036887963077104837
2022-04-12,META,CommunicationServices,out_21d,0.6505779027938843,0.6934888958930969,-0.0050923556292073804
2022-04-12,HD,ConsumerDiscretionary,out_21d,0.608887255191803,0.6630118489265442,-0.002580808755821134
2022-04-13,META,CommunicationServices,out_21d,0.6499782800674438,0.6960906982421875,-0.003625872680643849
2022-04-14,META,CommunicationServices,out_21d,0.6596076488494873,0.7062435150146484,-0.00229734632381647
2022-04-14,HD,ConsumerDiscretionary,out_21d,0.5601732730865479,0.6150563359260559,-0.0013338609114529755
2022-04-18,META,CommunicationServices,out_21d,0.6711782217025757,0.7214776873588562,-0.0018413266625038009
2022-04-18,JPM,Financials,out_21d,0.609600305557251,0.6575535535812378,-0.0023279533779021052
2022-04-18,HD,ConsumerDiscretionary,out_21d,0.6021822690963745,0.6544003486633301,0.00011739130550513814
2022-04-19,META,CommunicationServices,out_21d,0.6782880425453186,0.7202099561691284,-0.005493577236189537
2022-04-19,JPM,Financials,out_21d,0.6199809312820435,0.6678628325462341,-0.004005774775137109
2022-04-19,HD,ConsumerDiscretionary,out_21d,0.6045041084289551,0.6667957305908203,-0.0034994997013307353
2022-04-20,META,CommunicationServices,out_21d,0.686793327331543,0.7253268957138062,-0.002169257440420059
2022-04-20,HD,ConsumerDiscretionary,out_21d,0.6111723780632019,0.6651944518089294,-0.004137231025136
2022-04-20,JPM,Financials,out_21d,0.5931196808815002,0.6432985067367554,-0.004802438309933644
2022-04-21,META,CommunicationServices,out_21d,0.6878395080566406,0.7355976700782776,0.0013849952856588193
2022-04-21,JPM,Financials,out_21d,0.6250308156013489,0.6733134984970093,-0.004821720503100696
2022-04-21,GOOGL,Technology,out_21d,0.5950018763542175,0.6443862318992615,-0.006068625208376551
2022-04-22,META,CommunicationServices,out_21d,0.7293124198913574,0.7636756896972656,0.0031347660893647515
2022-04-22,JPM,Financials,out_21d,0.6422017812728882,0.6843435764312744,-0.0008298950632716588
2022-04-22,GOOGL,Technology,out_21d,0.6412039995193481,0.6876484155654907,-0.0032429831317880046
2022-04-25,META,CommunicationServices,out_21d,0.6941203474998474,0.7388559579849243,-0.0014541111699203093
2022-04-25,GOOGL,Technology,out_21d,0.6546552777290344,0.6981022357940674,-0.006617776689013934
2022-04-25,JPM,Financials,out_21d,0.6452387571334839,0.6859622001647949,-0.00015401008337276445
2022-04-26,META,CommunicationServices,out_21d,0.7119059562683105,0.7547967433929443,0.0007579072203328176
2022-04-26,GOOGL,Technology,out_21d,0.7057827711105347,0.7501662373542786,-0.005155217826181589
2022-04-26,JPM,Financials,out_21d,0.6792232394218445,0.71686190366745,0.0016334845359028247
2022-04-27,META,CommunicationServices,out_21d,0.7492178678512573,0.7865229845046997,0.0045400748793374916
2022-04-27,GOOGL,Technology,out_21d,0.7035254240036011,0.7459348440170288,-0.00270896068364913
2022-04-27,JPM,Financials,out_21d,0.661404550075531,0.7000710368156433,0.003145316597378986
2022-04-28,META,CommunicationServices,out_21d,0.7546282410621643,0.7916162014007568,-0.0024535069920930395
2022-04-28,GOOGL,Technology,out_21d,0.7334057092666626,0.7724734544754028,-0.002493399062983541
2022-04-28,JPM,Financials,out_21d,0.6810998916625977,0.7222772240638733,0.0030616139706281177
2022-04-29,META,CommunicationServices,out_21d,0.7607116103172302,0.7904354929924011,-0.0016223783076297692
2022-04-29,GOOGL,Technology,out_21d,0.7327214479446411,0.7761207818984985,-0.00014501860234806765
2022-04-29,JPM,Financials,out_21d,0.6916052103042603,0.7335570454597473,0.0051345287032730485
2022-05-02,META,CommunicationServices,out_21d,0.7569392919540405,0.7944872975349426,-0.005072480666508979
2022-05-02,GOOGL,Technology,out_21d,0.7467263340950012,0.7837717533111572,-0.0010991565111176673
2022-05-02,JPM,Financials,out_21d,0.7209677696228027,0.7571893930435181,0.0037399369915906027
2022-05-03,GOOGL,Technology,out_21d,0.7725546360015869,0.8101281523704529,0.00011708943151764845
2022-05-03,META,CommunicationServices,out_21d,0.7723274230957031,0.8095229268074036,-0.002957802816736738
2022-05-03,JPM,Financials,out_21d,0.7184886932373047,0.7655572295188904,0.0034718610959335117
2022-05-04,META,CommunicationServices,out_21d,0.7538940906524658,0.7909802198410034,-0.006954966716193667
2022-05-04,JPM,Financials,out_21d,0.7259604930877686,0.7704374194145203,0.0011464596544194542
2022-05-04,HD,ConsumerDiscretionary,out_21d,0.7154893279075623,0.760056734085083,-0.00125398690502915
2022-05-05,JPM,Financials,out_21d,0.7557333111763,0.795003354549408,0.0022326218532756044
2022-05-05,META,CommunicationServices,out_21d,0.705308198928833,0.7495318055152893,-0.0032076753559974244
2022-05-05,HD,ConsumerDiscretionary,out_21d,0.699638843536377,0.7431297302246094,0.0010665358649974976
2022-05-06,JPM,Financials,out_21d,0.7391263842582703,0.7846332788467407,0.002444075756533614
2022-05-06,HD,ConsumerDiscretionary,out_21d,0.7187530398368835,0.7600228190422058,0.0015153715430301588
2022-05-06,META,CommunicationServices,out_21d,0.7183883190155029,0.7625070810317993,-0.0018975683647171324
2022-05-09,HD,ConsumerDiscretionary,out_21d,0.7630526423454285,0.8047164082527161,0.0003814000056528829
2022-05-09,MA,Financials,out_21d,0.7481347918510437,0.784615695476532,0.004985644294711229
2022-05-09,META,CommunicationServices,out_21d,0.7385997176170349,0.7826029062271118,0.00010435856793985668
2022-05-10,HD,ConsumerDiscretionary,out_21d,0.7802658677101135,0.810361921787262,0.0017325899689011855
2022-05-10,MA,Financials,out_21d,0.7712310552597046,0.8068729639053345,0.0034646237246576013
2022-05-10,META,CommunicationServices,out_21d,0.7425670623779297,0.785773515701294,-0.0032886418236999122
2022-05-11,HD,ConsumerDiscretionary,out_21d,0.8168609142303467,0.8447360992431641,0.0013642531283034345
2022-05-11,MA,Financials,out_21d,0.7936721444129944,0.8234899640083313,0.0012976191524926388
2022-05-11,META,CommunicationServices,out_21d,0.7503577470779419,0.7894247174263,-0.0033227949293638576
2022-05-12,MA,Financials,out_21d,0.8284175395965576,0.8562676906585693,-0.00022234033749107024
2022-05-12,HD,ConsumerDiscretionary,out_21d,0.8073731064796448,0.8406085968017578,-0.0007794516285834734
2022-05-12,MSFT,Technology,out_21d,0.7962952852249146,0.8322778940200806,-0.0023358708532774824
2022-05-13,HD,ConsumerDiscretionary,out_21d,0.8575734496116638,0.8809713125228882,-0.002509399240351286
2022-05-13,MA,Financials,out_21d,0.8366565704345703,0.8612169027328491,-0.001525300472316751
2022-05-13,META,CommunicationServices,out_21d,0.7970200181007385,0.8248593211174011,-0.00836486259800787
2022-05-16,HD,ConsumerDiscretionary,out_21d,0.8619241118431091,0.8848257660865784,-0.002331704647073028
2022-05-16,V,Financials,out_21d,0.8247758150100708,0.8552422523498535,-0.00039721096513948125
2022-05-16,MSFT,Technology,out_21d,0.8225722908973694,0.8514413237571716,-0.001666872052455066
2022-05-17,MA,Financials,out_21d,0.8322569727897644,0.8630827069282532,-0.00422705715166997
2022-05-17,MSFT,Technology,out_21d,0.8297104239463806,0.8595132231712341,-0.003797722978114749
2022-05-17,HD,ConsumerDiscretionary,out_21d,0.8183110952377319,0.8528392314910889,-0.004076465425988522
2022-05-18,MSFT,Technology,out_21d,0.8404537439346313,0.8619919419288635,-0.001205085598961798
2022-05-18,HD,ConsumerDiscretionary,out_21d,0.8385537266731262,0.8636261820793152,-0.0021273465619169635
2022-05-18,MA,Financials,out_21d,0.8358529210090637,0.8649256229400635,-0.0035739112990537747
2022-05-19,MA,Financials,out_21d,0.8399211168289185,0.8653385043144226,-0.00212424600615922
2022-05-19,HD,ConsumerDiscretionary,out_21d,0.8253148794174194,0.8553212881088257,-0.002790017767099375
2022-05-19,MSFT,Technology,out_21d,0.8138428330421448,0.8487500548362732,0.00011287000798953004
2022-05-20,HD,ConsumerDiscretionary,out_21d,0.8259401917457581,0.8571799993515015,-0.0027377384534140207
2022-05-20,MA,Financials,out_21d,0.8235720992088318,0.8537935614585876,-0.0028371898213272067
2022-05-20,MSFT,Technology,out_21d,0.8194339275360107,0.8468230366706848,0.00010746503416422936
2022-05-23,HD,ConsumerDiscretionary,out_21d,0.8682650327682495,0.8877555131912231,-0.0014768054248465326
2022-05-23,MSFT,Technology,out_21d,0.8139784932136536,0.8430832624435425,-0.0003270281380272342
2022-05-23,JPM,Financials,out_21d,0.8136972188949585,0.8490533232688904,-0.0040816293513609
2022-05-24,HD,ConsumerDiscretionary,out_21d,0.8452686667442322,0.8716065287590027,-0.0005181291756617094
2022-05-24,MSFT,Technology,out_21d,0.828369677066803,0.8574780225753784,0.0014820329771409377
2022-05-24,JPM,Financials,out_21d,0.8177493214607239,0.8484071493148804,-0.0034067521403337705
2022-05-25,HD,ConsumerDiscretionary,out_21d,0.8366540670394897,0.8661803603172302,-0.0014752359133771234
2022-05-25,META,CommunicationServices,out_21d,0.8304519057273865,0.857924222946167,-0.003714611861813893
2022-05-25,AAPL,Technology,out_21d,0.8202192187309265,0.8505954146385193,0.0003863293519751184
2022-05-26,HD,ConsumerDiscretionary,out_21d,0.8367611765861511,0.8644242286682129,-0.004867720680576736
2022-05-26,META,CommunicationServices,out_21d,0.8283129930496216,0.8585403561592102,-0.007690920329096864
2022-05-26,JPM,Financials,out_21d,0.8176578283309937,0.845131516456604,-0.005010585629611246
2022-05-27,GOOGL,Technology,out_21d,0.8396210074424744,0.8652265667915344,-0.00026073696645394814
2022-05-27,META,CommunicationServices,out_21d,0.8236501216888428,0.8548802733421326,-0.007611532713089236
2022-05-27,PG,ConsumerStaples,out_21d,0.8075664043426514,0.843498170375824,-0.002087649898374188
2022-05-31,META,CommunicationServices,out_21d,0.827139675617218,0.8564335703849792,-0.007965201226860154
2022-05-31,GOOGL,Technology,out_21d,0.8177456855773926,0.8511993288993835,-0.002008783785953541
2022-05-31,PG,ConsumerStaples,out_21d,0.7850916385650635,0.8178204298019409,-0.0013170247556991328
2022-06-01,META,CommunicationServices,out_21d,0.8247941136360168,0.8563818335533142,-0.007222119875325654
2022-06-01,GOOGL,Technology,out_21d,0.8102110624313354,0.8417448401451111,-0.0021551291009087115
2022-06-01,PG,ConsumerStaples,out_21d,0.7676449418067932,0.8053266406059265,0.00015368135573435806
2022-06-02,META,CommunicationServices,out_21d,0.8136191368103027,0.8451305627822876,-0.007344246088853312
2022-06-02,GOOGL,Technology,out_21d,0.8073187470436096,0.8344206809997559,-0.001764926744163942
2022-06-02,JPM,Financials,out_21d,0.7784422039985657,0.8107951283454895,-0.006631968371285049
2022-06-03,META,CommunicationServices,out_21d,0.8219018578529358,0.8510991930961609,-0.005244132000271364
2022-06-03,GOOGL,Technology,out_21d,0.7776453495025635,0.8146781325340271,1.2888640034484988e-05
2022-06-03,JPM,Financials,out_21d,0.7752447724342346,0.8063240051269531,-0.006321980750210906
2022-06-06,META,CommunicationServices,out_21d,0.8150428533554077,0.8477620482444763,-0.005407858860856237
2022-06-06,JPM,Financials,out_21d,0.7893606424331665,0.8243250250816345,-0.005137131891097758
2022-06-06,GOOGL,Technology,out_21d,0.7554514408111572,0.7975962162017822,0.0007999566758677782
2022-06-07,META,CommunicationServices,out_21d,0.8160642385482788,0.8440032005310059,-0.006028737566802079
2022-06-07,JPM,Financials,out_21d,0.7826470136642456,0.816986620426178,-0.005381133338145082
2022-06-07,UNH,Healthcare,out_21d,0.7596986293792725,0.7937698364257812,0.0022396047148773328
2022-06-08,JPM,Financials,out_21d,0.77134108543396,0.8064837455749512,-0.005261040254616796
2022-06-08,META,CommunicationServices,out_21d,0.7696323990821838,0.8061696887016296,-0.008175440949297114
2022-06-08,UNH,Healthcare,out_21d,0.7434858083724976,0.7754536271095276,0.0024375916436884023
2022-06-09,JPM,Financials,out_21d,0.7662726044654846,0.8043027520179749,-0.004309583101979766
2022-06-09,META,CommunicationServices,out_21d,0.7613967061042786,0.803479015827179,-0.0053649102955677696
2022-06-09,UNH,Healthcare,out_21d,0.7453215718269348,0.7762660384178162,0.0026098857518407296
2022-06-10,META,CommunicationServices,out_21d,0.7889245748519897,0.8209991455078125,-0.00327640667175491
2022-06-10,AAPL,Technology,out_21d,0.7567514181137085,0.7899106740951538,0.0029030555175705033
2022-06-10,JPM,Financials,out_21d,0.7399718761444092,0.7795868515968323,-0.0026488543608787366
2022-06-13,JPM,Financials,out_21d,0.7785462141036987,0.8045716881752014,-0.002888036422404343
2022-06-13,META,CommunicationServices,out_21d,0.77088463306427,0.8080328106880188,-0.0018002843342411492
2022-06-13,TSLA,ConsumerDiscretionary,out_21d,0.7577759027481079,0.7913088798522949,0.004983296592431294
2022-06-14,META,CommunicationServices,out_21d,0.806931734085083,0.8407009840011597,0.0002821184529805557
2022-06-14,AAPL,Technology,out_21d,0.7843759059906006,0.8191632032394409,0.006244692695051129
2022-06-14,V,Financials,out_21d,0.7760145664215088,0.809893786907196,0.004065040933129401
2022-06-15,MSFT,Technology,out_21d,0.8173632025718689,0.8468296527862549,0.0004709804970283647
2022-06-15,AMZN,ConsumerDiscretionary,out_21d,0.8152867555618286,0.8504957556724548,0.0026934168649589895
2022-06-15,META,CommunicationServices,out_21d,0.8085616230964661,0.8408349752426147,-0.0005961145182081055
2022-06-16,AMZN,ConsumerDiscretionary,out_21d,0.8415577411651611,0.8674132823944092,0.0066839369129571054
2022-06-16,MSFT,Technology,out_21d,0.8367570042610168,0.8671753406524658,0.0028302730937825975
2022-06-16,V,Financials,out_21d,0.8130987286567688,0.8455846309661865,0.0061989193994569265
2022-06-17,V,Financials,out_21d,0.8458424806594849,0.8695297837257385,0.005854326190120443
2022-06-17,MSFT,Technology,out_21d,0.8279160857200623,0.8592023253440857,0.0028111761020440927
2022-06-17,AMZN,ConsumerDiscretionary,out_21d,0.8190460205078125,0.8524682521820068,0.007419459716207674
2022-06-21,NVDA,Technology,out_21d,0.859792172908783,0.8822026252746582,0.004265755126555122
2022-06-21,V,Financials,out_21d,0.8597825765609741,0.8839725255966187,0.005340261681177167
2022-06-21,HD,ConsumerDiscretionary,out_21d,0.8299171328544617,0.8629543781280518,0.006332699620310229
2022-06-22,V,Financials,out_21d,0.865612268447876,0.887173593044281,0.004884249910017415
2022-06-22,HD,ConsumerDiscretionary,out_21d,0.8482239842414856,0.8749880790710449,0.006658309463972458
2022-06-22,NVDA,Technology,out_21d,0.8352745175361633,0.8637192249298096,0.0027913568008789465
2022-06-23,V,Financials,out_21d,0.866540789604187,0.8895780444145203,0.0042693509368459575
2022-06-23,AMZN,ConsumerDiscretionary,out_21d,0.8451669216156006,0.869905948638916,0.0036845033793004643
2022-06-23,AAPL,Technology,out_21d,0.8229990005493164,0.8549749851226807,0.005055677381967523
2022-06-24,HD,ConsumerDiscretionary,out_21d,0.862943172454834,0.88315749168396,0.0025542701167108697
2022-06-24,MA,Financials,out_21d,0.8509281277656555,0.8741073608398438,0.001628556345915839
2022-06-24,MSFT,Technology,out_21d,0.8371320962905884,0.8644046783447266,-0.0028105474457803905
2022-06-27,HD,ConsumerDiscretionary,out_21d,0.8477662205696106,0.8702501058578491,0.0027322711524240366
2022-06-27,NVDA,Technology,out_21d,0.8422721028327942,0.8724481463432312,0.0025998569048181473
2022-06-27,MA,Financials,out_21d,0.8320899605751038,0.8630655407905579,0.002167311549781347
2022-06-28,AMZN,ConsumerDiscretionary,out_21d,0.8518856763839722,0.8774705529212952,0.006597498023415497
2022-06-28,NVDA,Technology,out_21d,0.8320982456207275,0.8611284494400024,0.005965039296083645
2022-06-28,JPM,Financials,out_21d,0.8229041695594788,0.8533264994621277,2.282648781643764e-06
2022-06-29,HD,ConsumerDiscretionary,out_21d,0.8312039375305176,0.8580121397972107,0.004706790062379216
2022-06-29,JPM,Financials,out_21d,0.8130086660385132,0.8427034020423889,0.00044622211760016384
2022-06-29,NVDA,Technology,out_21d,0.8121240139007568,0.8416980504989624,0.00803046908259219
2022-06-30,AMZN,ConsumerDiscretionary,out_21d,0.8280389308929443,0.8508026003837585,0.013082796686127931
2022-06-30,NVDA,Technology,out_21d,0.8195819854736328,0.8518270254135132,0.0103097699896276
2022-06-30,DIS,CommunicationServices,out_21d,0.7921639084815979,0.8228985667228699,0.005962469726144998
2022-07-01,NVDA,Technology,out_21d,0.8131563663482666,0.8486257195472717,0.013125311478775588
2022-07-01,DIS,CommunicationServices,out_21d,0.8082446455955505,0.841255784034729,0.004244798339704523
2022-07-01,AMZN,ConsumerDiscretionary,out_21d,0.8037659525871277,0.8438938856124878,0.010692122016940359
2022-07-05,NVDA,Technology,out_21d,0.8491265773773193,0.8731887340545654,0.012503019972189125
2022-07-05,AMZN,ConsumerDiscretionary,out_21d,0.8184698224067688,0.8531541228294373,0.010916720903067315
2022-07-05,META,CommunicationServices,out_21d,0.7707045674324036,0.8095665574073792,0.00017270871802894873
2022-07-06,NVDA,Technology,out_21d,0.8395129442214966,0.8688654899597168,0.012856822517455806
2022-07-06,AMZN,ConsumerDiscretionary,out_21d,0.8097506761550903,0.838167667388916,0.011762110949042923
2022-07-06,DIS,CommunicationServices,out_21d,0.7856186628341675,0.8234536647796631,0.005967247809549296
2022-07-07,NVDA,Technology,out_21d,0.8167910575866699,0.8521028161048889,0.009401894473153295
2022-07-07,TSLA,ConsumerDiscretionary,out_21d,0.8052054643630981,0.8337148427963257,0.008495266819286352
2022-07-07,DIS,CommunicationServices,out_21d,0.787299633026123,0.8261712789535522,0.004496507043809651
2022-07-08,NVDA,Technology,out_21d,0.8081929683685303,0.8435578942298889,0.00587795522629188
2022-07-08,AMZN,ConsumerDiscretionary,out_21d,0.7926719188690186,0.822974443435669,0.009837863843253015
2022-07-08,DIS,CommunicationServices,out_21d,0.7828869819641113,0.8126934170722961,0.00658201678528212
2022-07-11,NVDA,Technology,out_21d,0.7983610033988953,0.8298681378364563,0.006078088039596699
2022-07-11,AMZN,ConsumerDiscretionary,out_21d,0.7845544815063477,0.8187572956085205,0.011113242497519845
2022-07-11,DIS,CommunicationServices,out_21d,0.7534215450286865,0.7917003035545349,0.007368652780723887
2022-07-12,TSLA,ConsumerDiscretionary,out_21d,0.7629820704460144,0.7989994883537292,0.01252161106011411
2022-07-12,NVDA,Technology,out_21d,0.7507399320602417,0.7922818660736084,0.009519394453854862
2022-07-12,DIS,CommunicationServices,out_21d,0.7252925038337708,0.7629163265228271,0.0095797720874122
2022-07-13,AMZN,ConsumerDiscretionary,out_21d,0.7647823095321655,0.797664999961853,0.013043477159166423
2022-07-13,NVDA,Technology,out_21d,0.7537832856178284,0.7906085848808289,0.00872366417044916
2022-07-13,DIS,CommunicationServices,out_21d,0.7437511682510376,0.7794548869132996,0.01268099387572327
2022-07-14,AMZN,ConsumerDiscretionary,out_21d,0.7596322894096375,0.8035458326339722,0.014169930061008265
2022-07-14,DIS,CommunicationServices,out_21d,0.7494046092033386,0.7810661792755127,0.015415006551584787
2022-07-14,NVDA,Technology,out_21d,0.7430943250656128,0.7740703821182251,0.01033727829857245
2022-07-15,AMZN,ConsumerDiscretionary,out_21d,0.7793488502502441,0.8142394423484802,0.012425819893770732
2022-07-15,MSFT,Technology,out_21d,0.7534932494163513,0.7892576456069946,0.006816754853601802
2022-07-15,META,CommunicationServices,out_21d,0.7488239407539368,0.7817044854164124,0.004680951211678605
2022-07-18,AMZN,ConsumerDiscretionary,out_21d,0.7829349637031555,0.8198545575141907,0.012984728107863082
2022-07-18,JPM,Financials,out_21d,0.761138379573822,0.8014312982559204,0.0050434742715784265
2022-07-18,MSFT,Technology,out_21d,0.7487307786941528,0.7859366536140442,0.0072032363226205804
2022-07-19,JPM,Financials,out_21d,0.7679630517959595,0.8055501580238342,0.003337828571306759
2022-07-19,AMZN,ConsumerDiscretionary,out_21d,0.7637066841125488,0.8015789985656738,0.009623715342779489
2022-07-19,META,CommunicationServices,out_21d,0.7459179759025574,0.7749772667884827,-0.00025193959480357674
2022-07-20,JPM,Financials,out_21d,0.777926504611969,0.8133718371391296,0.002951762777888894
2022-07-20,AMZN,ConsumerDiscretionary,out_21d,0.7729921340942383,0.8070547580718994,0.007575143199519706
2022-07-20,MSFT,Technology,out_21d,0.7566230297088623,0.7878181338310242,0.00517749603486518
2022-07-21,JPM,Financials,out_21d,0.7524614930152893,0.790730893611908,0.0013667878171909117
2022-07-21,MSFT,Technology,out_21d,0.749719500541687,0.779273509979248,0.003940816176323871
2022-07-21,AMZN,ConsumerDiscretionary,out_21d,0.7429425716400146,0.781008780002594,0.005196333059699132
2022-07-22,GOOGL,Technology,out_21d,0.7403726577758789,0.7692756652832031,0.00279800614332931
2022-07-22,AMZN,ConsumerDiscretionary,out_21d,0.7377831935882568,0.7703664898872375,0.004200995485212931
2022-07-22,JPM,Financials,out_21d,0.7300547957420349,0.771748960018158,0.0007925451280249415
2022-07-25,AMZN,ConsumerDiscretionary,out_21d,0.7432790994644165,0.7762967944145203,0.0049057744248756875
2022-07-25,GOOGL,Technology,out_21d,0.7334486842155457,0.7679344415664673,0.00281257497890074
2022-07-25,JPM,Financials,out_21d,0.730094850063324,0.7717574238777161,0.00012397463889728187
2022-07-26,AMZN,ConsumerDiscretionary,out_21d,0.7594748139381409,0.7925227284431458,0.007876369611483086
2022-07-26,JPM,Financials,out_21d,0.7473921179771423,0.7796571254730225,0.0009992319940309528
2022-07-26,GOOGL,Technology,out_21d,0.7314870953559875,0.769828736782074,0.003931229879931949
2022-07-27,AMZN,ConsumerDiscretionary,out_21d,0.7579928636550903,0.7875189185142517,0.006420323572554494
2022-07-27,GOOGL,Technology,out_21d,0.7355846166610718,0.7693454027175903,0.0015120475288367711
2022-07-27,JPM,Financials,out_21d,0.718575656414032,0.7606421113014221,0.0013677540536903578
2022-07-28,AMZN,ConsumerDiscretionary,out_21d,0.7272101044654846,0.7683169841766357,0.0032984412454078434
2022-07-28,META,CommunicationServices,out_21d,0.7264701724052429,0.7622581720352173,0.00031407079786219657
2022-07-28,JPM,Financials,out_21d,0.7046124935150146,0.7420265674591064,-5.806835399435606e-05
2022-07-29,JPM,Financials,out_21d,0.7387425899505615,0.7736564874649048,-0.0004004027121726602
2022-07-29,AMZN,ConsumerDiscretionary,out_21d,0.7069723010063171,0.7486324906349182,-0.0018207815165396854
2022-07-29,GOOGL,Technology,out_21d,0.7010900378227234,0.7424904704093933,-0.0028247241863030743
2022-08-01,META,CommunicationServices,out_21d,0.712165117263794,0.7544347643852234,-0.0008247590966080208
2022-08-01,JPM,Financials,out_21d,0.6929002404212952,0.7384616732597351,8.340150363128629e-05
2022-08-01,GOOGL,Technology,out_21d,0.6670785546302795,0.7070051431655884,-0.0024543386782648335
2022-08-02,META,CommunicationServices,out_21d,0.706364631652832,0.7551151514053345,0.0008144997759772774
2022-08-02,JPM,Financials,out_21d,0.7062551379203796,0.7472774982452393,0.0005506113806519542
2022-08-02,AMZN,ConsumerDiscretionary,out_21d,0.6315932869911194,0.6642705798149109,-0.0026230253916152174
2022-08-03,META,CommunicationServices,out_21d,0.6786355376243591,0.7320080399513245,-0.0009704313685530046
2022-08-03,JPM,Financials,out_5d,0.671244740486145,0.7028011083602905,0.008414760379617104
2022-08-03,AMZN,ConsumerDiscretionary,out_21d,0.6282117366790771,0.6695601940155029,-0.003993284533145112
2022-08-04,META,CommunicationServices,out_21d,0.6950346827507019,0.7328340411186218,-0.0028615572441081875
2022-08-04,JPM,Financials,out_5d,0.6586902141571045,0.6866447329521179,0.013848381789952003
2022-08-04,AMZN,ConsumerDiscretionary,out_21d,0.5894261598587036,0.6289477944374084,-0.005030111996551012
2022-08-05,JPM,Financials,out_5d,0.6581909656524658,0.6900947093963623,0.011005519524606289
2022-08-05,META,CommunicationServices,out_21d,0.6540290117263794,0.7029435038566589,-0.0024420732832501372
2022-08-05,AMZN,ConsumerDiscretionary,out_21d,0.5736035704612732,0.615607500076294,-0.004968209592467883
2022-08-08,META,CommunicationServices,out_21d,0.7026109099388123,0.7415322661399841,-0.0027578470905637613
2022-08-08,JPM,Financials,out_5d,0.6486737728118896,0.6858198642730713,0.01418451623791559
2022-08-08,AMZN,ConsumerDiscretionary,out_21d,0.5613718628883362,0.6076326966285706,-0.0033918478464421975
2022-08-09,META,CommunicationServices,out_21d,0.6983065009117126,0.7349264025688171,-0.0018281306029985947
2022-08-09,JPM,Financials,out_5d,0.6454782485961914,0.6792059540748596,0.014300587107420082
2022-08-09,DIS,CommunicationServices,out_5d,0.615237832069397,0.6566841006278992,0.03112919126843856
2022-08-10,META,CommunicationServices,out_21d,0.7035949230194092,0.7417709231376648,-0.002453847400861657
2022-08-10,JPM,Financials,out_5d,0.660408079624176,0.6918661594390869,0.007095167731505825
2022-08-10,DIS,CommunicationServices,out_5d,0.6263839602470398,0.6676745414733887,0.018464824316932794
2022-08-11,META,CommunicationServices,out_21d,0.6815445423126221,0.7267472743988037,-0.0022885292246865967
2022-08-11,JPM,Financials,out_5d,0.6131447553634644,0.6496707201004028,0.0024970577296213213
2022-08-11,DIS,CommunicationServices,out_5d,0.577544093132019,0.6193961501121521,0.008462902675292172
2022-08-12,META,CommunicationServices,out_21d,0.6826472282409668,0.7198766469955444,-0.00722068122552834
2022-08-12,JPM,Financials,out_5d,0.5915919542312622,0.6259062886238098,-0.005731639853693493
2022-08-15,META,CommunicationServices,out_21d,0.6593924164772034,0.7020250558853149,-0.007744781684070398
2022-08-16,META,CommunicationServices,out_21d,0.6829811930656433,0.7206915020942688,-0.00793871830579642
2022-08-17,META,CommunicationServices,out_21d,0.6752015948295593,0.714821994304657,-0.0077780941366975154
2022-08-18,META,CommunicationServices,out_21d,0.6814526319503784,0.7147518992424011,-0.007263090146653828
2022-08-19,META,CommunicationServices,out_21d,0.6710442304611206,0.7137835025787354,-0.006200464189255953
2022-08-19,JPM,Financials,out_5d,0.5618716478347778,0.6011416912078857,-0.006676205707535488
2022-08-22,META,CommunicationServices,out_5d,0.6669833064079285,0.6991588473320007,-0.00475928003158077
2022-08-23,META,CommunicationServices,out_5d,0.658942699432373,0.6878719329833984,-0.004903454477671087
2022-08-24,META,CommunicationServices,out_5d,0.6398558616638184,0.674763560295105,-0.0004043034344427543
2022-08-25,META,CommunicationServices,out_5d,0.6326271891593933,0.6652707457542419,-0.004052588589892103
2022-09-09,JPM,Financials,out_5d,0.5732397437095642,0.6084282398223877,-0.0035075693010452325
2022-09-12,META,CommunicationServices,out_21d,0.539002537727356,0.6146193742752075,-0.011391822635758013
2022-09-13,META,CommunicationServices,out_21d,0.5546172857284546,0.6290149688720703,-0.007970196580512562
2022-09-14,META,CommunicationServices,out_21d,0.6262260675430298,0.6891443133354187,-0.006658553067231774
2022-09-15,META,CommunicationServices,out_21d,0.5783988237380981,0.6455233693122864,-0.0072566961024507475
2022-09-16,META,CommunicationServices,out_21d,0.5747582912445068,0.6474366784095764,-0.00398751347657086
2022-09-19,META,CommunicationServices,out_21d,0.6448392868041992,0.7117921710014343,-0.004896379608200953
2022-09-20,META,CommunicationServices,out_21d,0.6469829678535461,0.7006487250328064,-0.004191808278247759
2022-09-21,META,CommunicationServices,out_21d,0.6735219955444336,0.7246226668357849,-0.003548299830445007
2022-09-22,META,CommunicationServices,out_21d,0.7198612093925476,0.7689573168754578,-0.004271112562799508
2022-09-23,META,CommunicationServices,out_21d,0.688381016254425,0.7513138651847839,-0.0036254319361148065
2022-09-26,META,CommunicationServices,out_21d,0.6815359592437744,0.7316412329673767,0.00039807245838378397
2022-09-26,JPM,Financials,out_5d,0.5780647993087769,0.6076667904853821,0.001760469084202887
2022-09-27,META,CommunicationServices,out_21d,0.6920666694641113,0.7556383013725281,-0.001622728406432601
2022-09-27,JPM,Financials,out_5d,0.5760511159896851,0.6082077622413635,0.013075094051419756
2022-09-28,META,CommunicationServices,out_21d,0.7493860721588135,0.7913965582847595,-0.014684861428965872
2022-09-29,META,CommunicationServices,out_21d,0.7566220760345459,0.798412561416626,-0.012989548387928
2022-09-29,JPM,Financials,out_21d,0.6333037614822388,0.6755355596542358,0.009441283945333617
2022-09-30,META,CommunicationServices,out_21d,0.7430580258369446,0.7872074246406555,-0.014923062473067052
2022-09-30,JPM,Financials,out_21d,0.6425866484642029,0.6950843930244446,0.010255749542727186
2022-10-03,META,CommunicationServices,out_21d,0.7216110229492188,0.7653697729110718,-0.01491337730208197
2022-10-03,JPM,Financials,out_21d,0.6687917113304138,0.7232818007469177,0.009532892015503537
2022-10-03,PG,ConsumerStaples,out_21d,0.5902678966522217,0.6397708058357239,0.0027151033518295724
2022-10-04,META,CommunicationServices,out_21d,0.7276341915130615,0.7777925729751587,-0.016884599712280218
2022-10-04,JPM,Financials,out_21d,0.6587924361228943,0.7097824215888977,0.006475893194643198
2022-10-04,PG,ConsumerStaples,out_21d,0.582188606262207,0.6305643320083618,0.0013848166945916148
2022-10-05,META,CommunicationServices,out_21d,0.7484709024429321,0.7889341711997986,-0.017155605029471395
2022-10-05,JPM,Financials,out_21d,0.7021481990814209,0.7478486895561218,0.007251355036101367
2022-10-05,NVDA,Technology,out_21d,0.5958675742149353,0.6422719359397888,0.0007642697195238346
2022-10-06,JPM,Financials,out_21d,0.7150245904922485,0.7585343718528748,0.009925406646519223
2022-10-06,META,CommunicationServices,out_21d,0.7062792778015137,0.7585886120796204,-0.01653158727822727
2022-10-06,NVDA,Technology,out_21d,0.6597657799720764,0.701619029045105,0.0037210271889448
2022-10-07,META,CommunicationServices,out_21d,0.7226174473762512,0.7612110376358032,-0.013106392789968507
2022-10-07,JPM,Financials,out_21d,0.7070707678794861,0.7561264634132385,0.011408262293665993
2022-10-07,NVDA,Technology,out_21d,0.6824771165847778,0.7274606227874756,0.008773801194893682
2022-10-10,NVDA,Technology,out_21d,0.7356236577033997,0.775295078754425,0.011963930578534641
2022-10-10,JPM,Financials,out_21d,0.7103016376495361,0.7537370324134827,0.012001143801580466
2022-10-10,META,CommunicationServices,out_21d,0.705429196357727,0.7526819109916687,-0.013283073341096331
2022-10-11,NVDA,Technology,out_21d,0.7602251768112183,0.7929261922836304,0.00900101496250339
2022-10-11,JPM,Financials,out_21d,0.7365307807922363,0.7802824974060059,0.012974276609799298
2022-10-11,META,CommunicationServices,out_21d,0.6958177089691162,0.7454735040664673,-0.010028369717201072
2022-10-12,NVDA,Technology,out_21d,0.81141197681427,0.8415024280548096,0.017598346006083204
2022-10-12,JPM,Financials,out_21d,0.7350133657455444,0.7765758037567139,0.014463594676627676
2022-10-12,AMZN,ConsumerDiscretionary,out_21d,0.7118436098098755,0.7599970102310181,-0.006862374647841214
2022-10-13,NVDA,Technology,out_21d,0.8174869418144226,0.8449815511703491,0.01738732658549415
2022-10-13,JPM,Financials,out_21d,0.7624250054359436,0.7978458404541016,0.011289769612071784
2022-10-13,AMZN,ConsumerDiscretionary,out_21d,0.7445273399353027,0.7865831851959229,-0.0049679865225877124
2022-10-14,NVDA,Technology,out_21d,0.8087465763092041,0.8440489768981934,0.02149578681998358
2022-10-14,JPM,Financials,out_21d,0.778744637966156,0.814110279083252,0.009730225684689588
2022-10-14,AMZN,ConsumerDiscretionary,out_21d,0.7547500133514404,0.7989506721496582,-0.0037462708994012665
2022-10-17,NVDA,Technology,out_21d,0.8434872627258301,0.871050238609314,0.019138952568662142
2022-10-17,V,Financials,out_21d,0.7776702046394348,0.8104214668273926,0.0064801393206584375
2022-10-17,AMZN,ConsumerDiscretionary,out_21d,0.7636227011680603,0.8056182265281677,-0.006214454510874889
2022-10-18,NVDA,Technology,out_21d,0.8412015438079834,0.8710858225822449,0.015689972576334282
2022-10-18,V,Financials,out_21d,0.7807687520980835,0.8150909543037415,0.005963431433531106
2022-10-18,AMZN,ConsumerDiscretionary,out_21d,0.7702850103378296,0.8152776956558228,-0.007873757044168579
2022-10-19,NVDA,Technology,out_21d,0.8421677350997925,0.8692982196807861,0.014328000285159116
2022-10-19,AMZN,ConsumerDiscretionary,out_21d,0.8167871236801147,0.8463256359100342,-0.008367578026761495
2022-10-19,V,Financials,out_21d,0.7912639379501343,0.8239082098007202,0.006399507699498919
2022-10-20,NVDA,Technology,out_21d,0.8512927889823914,0.8746053576469421,0.012554968539100759
2022-10-20,AMZN,ConsumerDiscretionary,out_21d,0.8216940760612488,0.8594785332679749,-0.008722239690259917
2022-10-20,MA,Financials,out_21d,0.8152528405189514,0.8487508296966553,0.007619892912320887
2022-10-21,NVDA,Technology,out_21d,0.8258266448974609,0.8599468469619751,0.010890584250492052
2022-10-21,AMZN,ConsumerDiscretionary,out_21d,0.8166006803512573,0.847338080406189,-0.010719474114844979
2022-10-21,V,Financials,out_21d,0.8138118982315063,0.848651647567749,0.0041050749665182355
2022-10-24,NVDA,Technology,out_21d,0.8366022706031799,0.8726453185081482,0.012998003463671456
2022-10-24,V,Financials,out_21d,0.8253066539764404,0.8573715686798096,0.005016379701442568
2022-10-24,AMZN,ConsumerDiscretionary,out_21d,0.8171550631523132,0.8473455309867859,-0.010579362223645744
2022-10-25,MA,Financials,out_21d,0.8504229784011841,0.8748407959938049,0.005693006971246967
2022-10-25,META,CommunicationServices,out_21d,0.8256994485855103,0.8541301488876343,-0.008750875782761146
2022-10-25,NVDA,Technology,out_21d,0.8145923018455505,0.8497413396835327,0.011699181839292078
2022-10-26,MA,Financials,out_21d,0.8580319881439209,0.8801067471504211,0.004736423133113267
2022-10-26,NVDA,Technology,out_21d,0.8095741271972656,0.8425805568695068,0.012458638503604916
2022-10-26,AMZN,ConsumerDiscretionary,out_21d,0.8091402053833008,0.845828652381897,-0.00916067591195238
2022-10-27,NVDA,Technology,out_21d,0.8273069262504578,0.8536608815193176,0.009580901895832352
2022-10-27,MA,Financials,out_21d,0.8218861222267151,0.8519539833068848,0.0037603746563857738
2022-10-27,AMZN,ConsumerDiscretionary,out_21d,0.8057488799095154,0.8447939157485962,-0.007299928878952281
2022-10-28,NVDA,Technology,out_21d,0.8315516710281372,0.8595507144927979,0.006213124790654955
2022-10-28,AMZN,ConsumerDiscretionary,out_21d,0.8248453736305237,0.8545211553573608,-0.005060763720911947
2022-10-28,MA,Financials,out_21d,0.7933304905891418,0.8270789384841919,0.0019743013489537426
2022-10-31,AMZN,ConsumerDiscretionary,out_21d,0.8562729954719543,0.8806020617485046,-0.0027426049093856727
2022-10-31,GOOGL,Technology,out_21d,0.8303059339523315,0.8579769134521484,0.0032649596875505573
2022-10-31,META,CommunicationServices,out_21d,0.794830858707428,0.8335174322128296,0.012748166621953485
2022-11-01,AMZN,ConsumerDiscretionary,out_21d,0.8547324538230896,0.8805684447288513,-0.0006346586883362368
2022-11-01,NVDA,Technology,out_21d,0.8275372982025146,0.8515196442604065,0.012645383545009114
2022-11-01,DIS,CommunicationServices,out_21d,0.7951136827468872,0.8246926665306091,-0.003328839053132891
2022-11-02,AMZN,ConsumerDiscretionary,out_21d,0.8696185350418091,0.8951190114021301,0.001039014560153127
2022-11-02,META,CommunicationServices,out_21d,0.8286252617835999,0.8619371056556702,0.01732988232593619
2022-11-02,GOOGL,Technology,out_21d,0.8216521739959717,0.8501657247543335,0.0073752804658971036
2022-11-03,AMZN,ConsumerDiscretionary,out_21d,0.8352577090263367,0.8689924478530884,0.0009118535839784418
2022-11-03,META,CommunicationServices,out_21d,0.817301869392395,0.8517804145812988,0.01795288998802073
2022-11-03,GOOGL,Technology,out_21d,0.8105500340461731,0.8458646535873413,0.009160797929648941
2022-11-04,AMZN,ConsumerDiscretionary,out_21d,0.8424870371818542,0.8721266388893127,-0.0014288871736348793
2022-11-04,DIS,CommunicationServices,out_21d,0.802921712398529,0.8323674201965332,-0.0034860709353377144
2022-11-04,GOOGL,Technology,out_21d,0.8013689517974854,0.8378500938415527,0.0057200078910772945
2022-11-07,AMZN,ConsumerDiscretionary,out_21d,0.8242703676223755,0.8572851419448853,-0.0010888259733611136
2022-11-07,DIS,CommunicationServices,out_21d,0.8035377860069275,0.8306217193603516,-0.003925973378644653
2022-11-07,GOOGL,Technology,out_21d,0.7903115749359131,0.8327209949493408,0.0034709346560722726
2022-11-08,AMZN,ConsumerDiscretionary,out_21d,0.8447942733764648,0.8731083869934082,0.00019580811788010353
2022-11-08,DIS,CommunicationServices,out_21d,0.8298221826553345,0.8555020689964294,-0.003503502961363301
2022-11-08,GOOGL,Technology,out_21d,0.8108612298965454,0.8463388681411743,0.0025764743239609935
2022-11-09,AMZN,ConsumerDiscretionary,out_21d,0.8230602145195007,0.8565243482589722,0.0016307876265352192
2022-11-09,DIS,CommunicationServices,out_21d,0.8073982000350952,0.840043306350708,0.0036393595916385194
2022-11-09,GOOGL,Technology,out_21d,0.7841118574142456,0.8181278109550476,0.0030048213693640116
2022-11-10,AMZN,ConsumerDiscretionary,out_21d,0.8144208192825317,0.8489367961883545,-0.0029962076129744194
2022-11-10,DIS,CommunicationServices,out_21d,0.8082916140556335,0.8409011363983154,0.002210927502129304
2022-11-10,GOOGL,Technology,out_21d,0.7762058973312378,0.8115100860595703,-0.00031935618429177045
2022-11-11,DIS,CommunicationServices,out_21d,0.8174110054969788,0.8492786288261414,-0.00015537809521108735
2022-11-11,AMZN,ConsumerDiscretionary,out_21d,0.7747842073440552,0.8086611032485962,-0.003921403283755771
2022-11-11,GOOGL,Technology,out_21d,0.7339336276054382,0.7761540412902832,-0.0003852613240242193
2022-11-14,DIS,CommunicationServices,out_21d,0.7993002533912659,0.8319560289382935,-6.565926493050709e-05
2022-11-14,AMZN,ConsumerDiscretionary,out_21d,0.7916578054428101,0.8234694600105286,-0.003340922299383272
2022-11-14,GOOGL,Technology,out_21d,0.6974769830703735,0.7413011193275452,-0.00031347153743158503
2022-11-15,DIS,CommunicationServices,out_21d,0.8219882249832153,0.8513584733009338,-0.002502854827365146
2022-11-15,AMZN,ConsumerDiscretionary,out_21d,0.7528459429740906,0.7896650433540344,-0.00504875741638349
2022-11-15,MA,Financials,out_21d,0.6459550857543945,0.6975329518318176,0.0003798261919381675
2022-11-16,DIS,CommunicationServices,out_21d,0.8182031512260437,0.8493335247039795,-0.001961529407619448
2022-11-16,AMZN,ConsumerDiscretionary,out_21d,0.6862317323684692,0.7264474630355835,-0.004540284907407089
2022-11-16,NVDA,Technology,out_21d,0.6305133700370789,0.6702765822410583,0.0019910668268976577
2022-11-17,DIS,CommunicationServices,out_21d,0.8057200312614441,0.8368229866027832,-0.002952435090658826
2022-11-17,AMZN,ConsumerDiscretionary,out_21d,0.7061049938201904,0.7525036334991455,-0.004985315392686455
2022-11-17,MA,Financials,out_21d,0.610770583152771,0.6538586616516113,-1.397575249475903e-06
2022-11-18,DIS,CommunicationServices,out_21d,0.821200966835022,0.8534162640571594,-0.0024795090888854745
2022-11-18,AMZN,ConsumerDiscretionary,out_21d,0.6840369701385498,0.7262256145477295,-0.004527197085530674
2022-11-18,NVDA,Technology,out_21d,0.5922171473503113,0.6373677849769592,0.002101781016812296
2022-11-21,DIS,CommunicationServices,out_21d,0.8162683844566345,0.8483501672744751,-0.005202081857092018
2022-11-21,AMZN,ConsumerDiscretionary,out_21d,0.675456702709198,0.7227761149406433,-0.002930483451143836
2022-11-21,GOOGL,Technology,out_21d,0.6059348583221436,0.655913770198822,-0.002998604068662512
2022-11-22,DIS,CommunicationServices,out_21d,0.7629966735839844,0.8096288442611694,-0.004721815682603088
2022-11-22,AMZN,ConsumerDiscretionary,out_21d,0.6661453247070312,0.7191963195800781,-0.004807886951173861
2022-11-22,GOOGL,Technology,out_21d,0.6365404725074768,0.6915844678878784,-0.004558280148281244
2022-11-23,META,CommunicationServices,out_21d,0.7379936575889587,0.7740573287010193,0.002460713104973306
2022-11-23,AMZN,ConsumerDiscretionary,out_21d,0.669571042060852,0.7205020189285278,-0.004492266274364181
2022-11-23,GOOGL,Technology,out_21d,0.6172974705696106,0.6669878959655762,-0.004463978883841958
2022-11-25,META,CommunicationServices,out_21d,0.7461900115013123,0.7897665500640869,0.0023379953813040598
2022-11-25,AMZN,ConsumerDiscretionary,out_21d,0.6611304879188538,0.7128134369850159,-0.005286475058767739
2022-11-25,GOOGL,Technology,out_21d,0.6382008194923401,0.6834114193916321,-0.004920211230635458
2022-11-28,META,CommunicationServices,out_21d,0.7496932744979858,0.7859895825386047,0.002994257263736467
2022-11-28,GOOGL,Technology,out_21d,0.670475423336029,0.7045048475265503,-0.004972613591557175
2022-11-28,AMZN,ConsumerDiscretionary,out_21d,0.6404560804367065,0.6910297870635986,-0.00614815258746248
2022-11-29,META,CommunicationServices,out_21d,0.7694259285926819,0.8053044676780701,0.004698389382902964
2022-11-29,GOOGL,Technology,out_21d,0.6790207624435425,0.7236753702163696,-0.003371708464123734
2022-11-29,AMZN,ConsumerDiscretionary,out_21d,0.5898304581642151,0.654242753982544,-0.004245627119992075
2022-11-30,META,CommunicationServices,out_21d,0.7856263518333435,0.8158873915672302,0.0009031843655773157
2022-11-30,GOOGL,Technology,out_21d,0.6493333578109741,0.6918513774871826,-0.0060166235714825085
2022-11-30,AMZN,ConsumerDiscretionary,out_21d,0.6394161581993103,0.6889670491218567,-0.0061854453602284325
2022-12-01,META,CommunicationServices,out_21d,0.7565691471099854,0.7953239679336548,0.0017001157220809155
2022-12-01,AMZN,ConsumerDiscretionary,out_21d,0.6565614342689514,0.7090808153152466,-0.004826726654288595
2022-12-01,GOOGL,Technology,out_21d,0.6547014117240906,0.7043855786323547,-0.005596966020163511
2022-12-02,META,CommunicationServices,out_21d,0.754863977432251,0.7934218645095825,0.0014961733053907948
2022-12-02,AMZN,ConsumerDiscretionary,out_21d,0.7129102349281311,0.756069540977478,-0.004547914042932078
2022-12-02,GOOGL,Technology,out_21d,0.6229723691940308,0.6646924018859863,-0.005859930125214738
2022-12-05,META,CommunicationServices,out_21d,0.7740193605422974,0.8049058318138123,0.0017541604992222528
2022-12-05,AMZN,ConsumerDiscretionary,out_21d,0.7232562899589539,0.7588077783584595,-0.004128274341621584
2022-12-05,GOOGL,Technology,out_21d,0.6223503947257996,0.6617022156715393,-0.006356872489016323
2022-12-06,META,CommunicationServices,out_21d,0.7456618547439575,0.7845990061759949,0.00663461975432427
2022-12-06,AMZN,ConsumerDiscretionary,out_21d,0.7290544509887695,0.7704506516456604,-0.0011709149704277981
2022-12-06,GOOGL,Technology,out_21d,0.6441310048103333,0.6854289174079895,-0.004733430050724542
2022-12-07,AMZN,ConsumerDiscretionary,out_21d,0.7650023102760315,0.803098738193512,-0.0005921419880417632
2022-12-07,META,CommunicationServices,out_21d,0.7518079876899719,0.7851486206054688,0.00649521553651264
2022-12-07,GOOGL,Technology,out_21d,0.6141753792762756,0.660846471786499,-0.0034708696337898627
2022-12-08,AMZN,ConsumerDiscretionary,out_21d,0.7634688019752502,0.7984374165534973,-0.0002529821781144671
2022-12-08,META,CommunicationServices,out_21d,0.7409490942955017,0.7779459953308105,0.007291706546346583
2022-12-08,GOOGL,Technology,out_21d,0.6234533786773682,0.6623522043228149,-0.0026881337686037255
2022-12-09,AMZN,ConsumerDiscretionary,out_21d,0.7860966920852661,0.8146204948425293,0.0032070299411693765
2022-12-09,META,CommunicationServices,out_21d,0.7528709173202515,0.792814314365387,0.006980561110897414
2022-12-09,GOOGL,Technology,out_21d,0.6364566087722778,0.6760659217834473,-0.0006719964075648841
2022-12-12,AMZN,ConsumerDiscretionary,out_21d,0.8055545091629028,0.835673987865448,0.0024821821315417427
2022-12-12,META,CommunicationServices,out_21d,0.7654361724853516,0.7982231378555298,0.009132774450917525
2022-12-12,GOOGL,Technology,out_21d,0.6498965620994568,0.6986488103866577,-0.0011125222711193168
2022-12-13,AMZN,ConsumerDiscretionary,out_21d,0.784879207611084,0.8181777000427246,0.0028986428457377883
2022-12-13,META,CommunicationServices,out_21d,0.748775839805603,0.782439649105072,0.006670232281725353
2022-12-13,GOOGL,Technology,out_21d,0.673811137676239,0.7139551639556885,-0.0017478051640727333
2022-12-14,AMZN,ConsumerDiscretionary,out_21d,0.7894817590713501,0.8241431713104248,0.002324276007097477
2022-12-14,META,CommunicationServices,out_21d,0.7802034616470337,0.8215117454528809,0.0053928237276649775
2022-12-14,GOOGL,Technology,out_21d,0.7077414989471436,0.744894802570343,-0.0018933426387760573
2022-12-15,AMZN,ConsumerDiscretionary,out_21d,0.7710451483726501,0.8026639819145203,0.0037739925048286666
2022-12-15,META,CommunicationServices,out_21d,0.7638590931892395,0.795908510684967,0.006916350207567545
2022-12-15,GOOGL,Technology,out_21d,0.6892753839492798,0.7349496483802795,0.00013627147772948028
2022-12-16,META,CommunicationServices,out_21d,0.7611189484596252,0.7971802353858948,0.006666591739905359
2022-12-16,AMZN,ConsumerDiscretionary,out_21d,0.7602598667144775,0.7935056090354919,0.003154368776296416
2022-12-16,GOOGL,Technology,out_21d,0.6878505349159241,0.7290509939193726,0.0014719359677275552
2022-12-19,META,CommunicationServices,out_21d,0.7523241639137268,0.7891235947608948,0.010353218193680281
2022-12-19,AMZN,ConsumerDiscretionary,out_21d,0.7516283988952637,0.7855532765388489,0.006914071561422282
2022-12-19,GOOGL,Technology,out_21d,0.7011875510215759,0.7377988696098328,0.005158190231511766
2022-12-20,META,CommunicationServices,out_21d,0.7482225894927979,0.7815330624580383,0.010647075592655732
2022-12-20,AMZN,ConsumerDiscretionary,out_21d,0.7405794858932495,0.7810680866241455,0.006892153588506742
2022-12-20,GOOGL,Technology,out_21d,0.6613991260528564,0.7088330984115601,0.005761152230281576
2022-12-21,META,CommunicationServices,out_21d,0.7032183408737183,0.7468629479408264,0.009296369000090243
2022-12-21,AMZN,ConsumerDiscretionary,out_21d,0.6975497603416443,0.7501134276390076,0.005241005735593099
2022-12-21,GOOGL,Technology,out_21d,0.6286369562149048,0.6860014200210571,0.00431642971254437
2022-12-22,AMZN,ConsumerDiscretionary,out_21d,0.6884629726409912,0.7360455393791199,0.0076097268359920575
2022-12-22,GOOGL,Technology,out_21d,0.6461184024810791,0.6951884627342224,0.004047833730494565
2022-12-22,META,CommunicationServices,out_21d,0.6108396053314209,0.6645854115486145,0.009912495720907112
2022-12-23,AMZN,ConsumerDiscretionary,out_21d,0.6835504174232483,0.7290997505187988,0.007803380098144466
2022-12-23,META,CommunicationServices,out_21d,0.6662160754203796,0.7065028548240662,0.011803911979733845
2022-12-23,MSFT,Technology,out_21d,0.6170293092727661,0.6491192579269409,0.0018490654229632373
2022-12-27,AMZN,ConsumerDiscretionary,out_21d,0.6568267941474915,0.7096498608589172,0.011010182549178595
2022-12-27,META,CommunicationServices,out_21d,0.6316912174224854,0.685027539730072,0.014202607231237733
2022-12-27,GOOGL,Technology,out_21d,0.6311661601066589,0.678134024143219,0.0065279418958471185
2022-12-28,AMZN,ConsumerDiscretionary,out_21d,0.6833981275558472,0.7318534255027771,0.010900817955089317
2022-12-28,MSFT,Technology,out_21d,0.6000277400016785,0.6430732607841492,0.0016608754328481866
2022-12-28,META,CommunicationServices,out_5d,0.5984849333763123,0.6434999704360962,0.019581379215943207
2022-12-29,AMZN,ConsumerDiscretionary,out_21d,0.6391614675521851,0.6946642994880676,0.010719657920976141
2022-12-29,GOOGL,Technology,out_21d,0.5835187435150146,0.6396428942680359,0.005593692234293941
2022-12-29,META,CommunicationServices,out_5d,0.5558147430419922,0.6006384491920471,0.016231488977202124
2022-12-30,AAPL,Technology,out_21d,0.5941644310951233,0.6385796666145325,0.005680724237068658
2022-12-30,AMZN,ConsumerDiscretionary,out_21d,0.5496410727500916,0.6101481318473816,0.011989796783378066
2023-01-03,AMZN,ConsumerDiscretionary,out_21d,0.6051272749900818,0.6686418652534485,0.015031463452640165
2023-01-03,AAPL,Technology,out_21d,0.5719744563102722,0.6100329756736755,0.009804025214536468
2023-01-06,MSFT,Technology,out_21d,0.5858350992202759,0.6300249695777893,0.009025030025843513
2023-01-06,JPM,Financials,out_5d,0.5774844884872437,0.6117762923240662,0.007351003374252452
2023-01-06,GOOGL,Technology,out_21d,0.5476539134979248,0.6011049747467041,0.011067852107266008
2023-01-09,JPM,Financials,out_5d,0.5991190075874329,0.6393561959266663,0.004993770830360589
2023-01-09,MSFT,Technology,out_21d,0.5896937251091003,0.639478325843811,0.008304815244880687
2023-01-09,DIS,CommunicationServices,out_21d,0.5570697784423828,0.601625382900238,0.008547014583649693
2023-01-10,JPM,Financials,out_5d,0.6028775572776794,0.6349747180938721,-0.0029292837956437223
2023-01-10,MSFT,Technology,out_21d,0.5816068053245544,0.6294892430305481,0.007234936436963628
2023-01-11,JPM,Financials,out_5d,0.5891907811164856,0.6267595291137695,-0.006989912234954021
2023-01-11,MSFT,Technology,out_21d,0.5873950719833374,0.6274898648262024,0.005519900603393458
2023-01-11,DIS,CommunicationServices,out_21d,0.557437539100647,0.6170197129249573,0.005798511925824516
2023-01-12,JPM,Financials,out_5d,0.5697279572486877,0.6074414253234863,-0.0063230572788797405
2023-01-12,MSFT,Technology,out_21d,0.5497277975082397,0.6044944524765015,0.006550587884783301
2023-01-13,JPM,Financials,out_5d,0.5811836123466492,0.6196248531341553,-0.008027388780048694
2023-01-17,AMZN,ConsumerDiscretionary,out_21d,0.5878236293792725,0.6473852396011353,0.002533402963730989
2023-01-17,JPM,Financials,out_5d,0.570644736289978,0.608568549156189,-0.0033380363334098995
2023-01-18,AMZN,ConsumerDiscretionary,out_21d,0.6014743447303772,0.6598033905029297,0.0013418746656316948
2023-01-19,AMZN,ConsumerDiscretionary,out_21d,0.604220449924469,0.6628813147544861,0.001789270785856371
2023-01-19,JPM,Financials,out_5d,0.5764225125312805,0.6115825772285461,0.007762529348004543
2023-01-19,UNH,Healthcare,out_21d,0.5657781362533569,0.6057475209236145,0.0014471771543812675
2023-01-20,AMZN,ConsumerDiscretionary,out_21d,0.647683322429657,0.6993101239204407,-0.0013073806678640294
2023-01-20,JPM,Financials,out_5d,0.5610535144805908,0.6014441251754761,0.007758373737866231
2023-01-23,AMZN,ConsumerDiscretionary,out_21d,0.6372899413108826,0.6907470226287842,-0.0008447575037553974
2023-01-23,JPM,Financials,out_5d,0.574114978313446,0.6124316453933716,0.002709951805946309
2023-01-23,GOOGL,Technology,out_21d,0.568877637386322,0.6093652844429016,-0.0038843469867712666
2023-01-24,AMZN,ConsumerDiscretionary,out_21d,0.7020170092582703,0.7415995001792908,-0.00024719190079901054
2023-01-24,JPM,Financials,out_5d,0.5790886878967285,0.6108431816101074,0.002181238588723078
2023-01-25,AMZN,ConsumerDiscretionary,out_21d,0.7162885665893555,0.7553572058677673,-0.0018032322414074163
2023-01-25,JPM,Financials,out_5d,0.5709918737411499,0.6067548394203186,0.0006756739252135269
2023-01-26,AMZN,ConsumerDiscretionary,out_21d,0.6957193613052368,0.7380523085594177,-0.002620438955902862
2023-01-27,AMZN,ConsumerDiscretionary,out_21d,0.7241812944412231,0.7640312910079956,-0.0037307151586365174
2023-01-30,AMZN,ConsumerDiscretionary,out_21d,0.746910810470581,0.7849059104919434,-0.003968650815028729
2023-01-31,AMZN,ConsumerDiscretionary,out_21d,0.7326061129570007,0.7722972631454468,-0.005079118954326974
2023-01-31,TSLA,ConsumerDiscretionary,out_21d,0.5872421860694885,0.6298340559005737,0.004860318711461922
2023-02-01,AMZN,ConsumerDiscretionary,out_21d,0.728813648223877,0.7641876935958862,-0.004641894731452865
2023-02-02,AMZN,ConsumerDiscretionary,out_21d,0.6924605369567871,0.7268406748771667,-0.0080806048815433
2023-02-03,AMZN,ConsumerDiscretionary,out_21d,0.6395294666290283,0.6821147203445435,-0.0045320752195708225
2023-02-06,AMZN,ConsumerDiscretionary,out_21d,0.6797337532043457,0.7175813913345337,-0.003849417047209287
2023-02-07,AMZN,ConsumerDiscretionary,out_21d,0.6911298036575317,0.7264101505279541,-0.00459821600021194
2023-02-08,AMZN,ConsumerDiscretionary,out_21d,0.6690394878387451,0.7052702903747559,-0.004435877018891767
2023-02-09,AMZN,ConsumerDiscretionary,out_21d,0.6637445092201233,0.707481324672699,-0.0028162312339713447
2023-02-10,AMZN,ConsumerDiscretionary,out_21d,0.6878596544265747,0.7296647429466248,-0.001331832384398062
2023-02-13,AMZN,ConsumerDiscretionary,out_21d,0.694429874420166,0.7398608326911926,-0.0015978280741722392
2023-02-14,AMZN,ConsumerDiscretionary,out_21d,0.6857737302780151,0.7361462116241455,0.00016239383755671058
2023-02-15,AMZN,ConsumerDiscretionary,out_21d,0.6486208438873291,0.6938688158988953,-0.001040316440651485
2023-02-16,AMZN,ConsumerDiscretionary,out_21d,0.6488378643989563,0.6957224011421204,-0.00021347424232384804
2023-02-17,AMZN,ConsumerDiscretionary,out_21d,0.5995432734489441,0.6577865481376648,0.0016705877763924118
2023-02-17,META,CommunicationServices,out_5d,0.5595057606697083,0.6010555028915405,-0.0038639549135341955
2023-02-21,META,CommunicationServices,out_5d,0.5944895148277283,0.6255977153778076,0.0033240213636573923
2023-02-22,META,CommunicationServices,out_5d,0.5718831419944763,0.6071407794952393,0.0026881868154069897
2023-02-22,GOOGL,Technology,out_5d,0.5564365386962891,0.6020852327346802,-0.0028150417712818456
2023-02-23,META,CommunicationServices,out_5d,0.5745381712913513,0.6091285943984985,0.0028946641931779206
2023-02-24,GOOGL,Technology,out_5d,0.571382999420166,0.6089088320732117,0.010142494419931624
2023-02-27,GOOGL,Technology,out_5d,0.5958077311515808,0.6385191679000854,0.011705804395238583
2023-02-27,META,CommunicationServices,out_5d,0.5558329820632935,0.6016275882720947,0.018119634602386192
2023-02-28,GOOGL,Technology,out_5d,0.5615811347961426,0.6037458777427673,0.008438792562844277
2023-03-09,UNH,Healthcare,out_21d,0.5520288348197937,0.6052757501602173,0.005336924112455518
2023-03-10,UNH,Healthcare,out_21d,0.5966655015945435,0.6511006355285645,0.006272929634855616
2023-03-13,UNH,Healthcare,out_21d,0.6564136743545532,0.703965425491333,0.005906166092915081
2023-03-14,UNH,Healthcare,out_21d,0.6753939390182495,0.7170323133468628,0.006319068151864771
2023-03-15,UNH,Healthcare,out_21d,0.7195035815238953,0.7507629990577698,0.004743186457498198
2023-03-16,UNH,Healthcare,out_21d,0.7174806594848633,0.7543526291847229,0.003362458702538463
2023-03-16,TSLA,ConsumerDiscretionary,out_21d,0.5568787455558777,0.6046953797340393,0.000752570861206339
2023-03-17,UNH,Healthcare,out_21d,0.7182284593582153,0.7591719627380371,0.00354785078714909
2023-03-17,TSLA,ConsumerDiscretionary,out_21d,0.5574067234992981,0.6079578995704651,0.0011050200681712798
2023-03-20,UNH,Healthcare,out_21d,0.7234671115875244,0.7634890675544739,0.0009225042429076133
2023-03-20,HD,ConsumerDiscretionary,out_21d,0.5677358508110046,0.6206143498420715,0.0012593660396746603
2023-03-20,JPM,Financials,out_21d,0.5467442870140076,0.6012899875640869,0.0056886218552295005
2023-03-21,UNH,Healthcare,out_21d,0.7330525517463684,0.7709218859672546,0.0007300052500938443
2023-03-21,JPM,Financials,out_21d,0.6047613024711609,0.666445791721344,0.0041454845195310385
2023-03-21,HD,ConsumerDiscretionary,out_21d,0.5602988004684448,0.6156739592552185,0.001503768855866381
2023-03-22,UNH,Healthcare,out_21d,0.7137419581413269,0.7517154216766357,0.0008311751851700791
2023-03-22,JPM,Financials,out_21d,0.6196256279945374,0.6733389496803284,0.005415247245681368
2023-03-22,HD,ConsumerDiscretionary,out_21d,0.5956311225891113,0.6441434621810913,0.0029369120047747234
2023-03-23,UNH,Healthcare,out_21d,0.6942903995513916,0.7355744242668152,0.001928430407906811
2023-03-23,JPM,Financials,out_21d,0.6081945896148682,0.6692067980766296,0.005629311310472322
2023-03-23,TSLA,ConsumerDiscretionary,out_21d,0.5624671578407288,0.6072377562522888,-0.007350208337798568
2023-03-24,UNH,Healthcare,out_21d,0.7237793207168579,0.762372612953186,0.0015936766108196135
2023-03-24,JPM,Financials,out_21d,0.6460070013999939,0.6933103203773499,0.005276331223989976
2023-03-24,HD,ConsumerDiscretionary,out_21d,0.6077423691749573,0.6569377779960632,0.002239459549938628
2023-03-27,UNH,Healthcare,out_21d,0.6935605406761169,0.7382760047912598,0.00010376407400240299
2023-03-27,JPM,Financials,out_21d,0.6670894026756287,0.7071089744567871,0.002891189562846603
2023-03-27,HD,ConsumerDiscretionary,out_21d,0.5930657386779785,0.6458050012588501,0.001151248642464012
2023-03-28,UNH,Healthcare,out_21d,0.6918044090270996,0.7385160326957703,0.001802671551775709
2023-03-28,JPM,Financials,out_21d,0.6093106865882874,0.669325053691864,0.003416089202042177
2023-03-28,HD,ConsumerDiscretionary,out_21d,0.5751660466194153,0.6344491839408875,0.002223079905972401
2023-03-29,UNH,Healthcare,out_21d,0.6445074081420898,0.6960549354553223,0.0026024682833377826
2023-03-29,AMZN,ConsumerDiscretionary,out_21d,0.631321907043457,0.6708747744560242,0.0024700139880024638
2023-03-29,JPM,Financials,out_21d,0.5980880260467529,0.6531017422676086,0.003755581287346083
2023-03-30,UNH,Healthcare,out_21d,0.6786061525344849,0.729170024394989,0.002597438156231659
2023-03-30,JPM,Financials,out_21d,0.6357774138450623,0.6875002980232239,0.005014567376806881
2023-03-30,AMZN,ConsumerDiscretionary,out_5d,0.6020108461380005,0.6403052806854248,0.00011764227175246056
2023-03-31,UNH,Healthcare,out_21d,0.6761191487312317,0.7165589332580566,0.002095840849228013
2023-03-31,AMZN,ConsumerDiscretionary,out_5d,0.5756049156188965,0.6181982159614563,-0.0021686566689025355
2023-03-31,JPM,Financials,out_21d,0.571800947189331,0.6191222071647644,0.003544749713895475
2023-04-03,UNH,Healthcare,out_21d,0.6734825372695923,0.718709409236908,-0.00045770004082813456
2023-04-03,TSLA,ConsumerDiscretionary,out_1d,0.5890005826950073,0.6130906939506531,-0.011244043709844997
2023-04-03,JPM,Financials,out_21d,0.5787349343299866,0.6341753005981445,0.002519681289387129
2023-04-04,UNH,Healthcare,out_21d,0.6373474597930908,0.6822521686553955,-0.0005763475934752778
2023-04-04,AMZN,ConsumerDiscretionary,out_5d,0.570746898651123,0.606250524520874,-0.011774882726037416
2023-04-04,JPM,Financials,out_21d,0.5590451955795288,0.6175134181976318,0.0025039142510923837
2023-04-05,UNH,Healthcare,out_21d,0.5532490015029907,0.610636830329895,-0.001398005380395864
2023-04-06,AMZN,ConsumerDiscretionary,out_5d,0.5881428718566895,0.6282060742378235,0.000881843206743893
2023-04-06,JPM,Financials,out_21d,0.5702270269393921,0.6191457509994507,0.0035862810063935556
2023-04-10,AMZN,ConsumerDiscretionary,out_5d,0.5809416174888611,0.6163851022720337,0.0011157868357434709
2023-04-11,AMZN,ConsumerDiscretionary,out_5d,0.61263108253479,0.6424069404602051,0.004763820909580829
2023-04-11,TSLA,ConsumerDiscretionary,out_21d,0.5752622485160828,0.6099861264228821,-0.004652538413641761
2023-04-12,AMZN,ConsumerDiscretionary,out_5d,0.6008133888244629,0.6322202086448669,0.013227028722490175
2023-04-12,TSLA,ConsumerDiscretionary,out_21d,0.5737553834915161,0.6200735569000244,-0.002231398864170913
2023-04-13,AMZN,ConsumerDiscretionary,out_5d,0.5886821746826172,0.623744785785675,0.0027538984603598937
2023-04-14,TSLA,ConsumerDiscretionary,out_21d,0.5749961137771606,0.6194241046905518,-0.004800513229468305
2023-04-17,TSLA,ConsumerDiscretionary,out_21d,0.5667504668235779,0.6151853799819946,-0.005224242777262871
2023-04-18,AMZN,ConsumerDiscretionary,out_5d,0.5647884011268616,0.6044610738754272,0.0005278526588700317
2023-04-19,TSLA,ConsumerDiscretionary,out_21d,0.574032723903656,0.6068207025527954,-0.0009756372691819388
2023-04-19,AMZN,ConsumerDiscretionary,out_5d,0.5723552107810974,0.6116924285888672,0.0013039315153966947
2023-04-20,AMZN,ConsumerDiscretionary,out_5d,0.5567477345466614,0.6009330153465271,0.011578850356562675
2023-04-21,TSLA,ConsumerDiscretionary,out_21d,0.5693541765213013,0.6053093075752258,0.006862471593067727
2023-04-24,TSLA,ConsumerDiscretionary,out_21d,0.5558526515960693,0.6062336564064026,0.006802302818111503
2023-04-26,TSLA,ConsumerDiscretionary,out_21d,0.5581151843070984,0.6027388572692871,0.009514518380395858
2023-04-28,GOOGL,Technology,out_21d,0.5685405135154724,0.603635311126709,0.007244449017733319
2023-05-03,GOOGL,Technology,out_21d,0.6059356331825256,0.645250678062439,0.008700713753187045
2023-05-03,AMZN,ConsumerDiscretionary,out_21d,0.5843478441238403,0.6239197254180908,0.00946408387699406
2023-05-04,GOOGL,Technology,out_21d,0.6032918691635132,0.6477115154266357,0.009697563633024658
2023-05-05,GOOGL,Technology,out_21d,0.6323183178901672,0.6720126271247864,0.009806182595601287
2023-05-05,AMZN,ConsumerDiscretionary,out_21d,0.5613986849784851,0.6034496426582336,0.009441783718724237
2023-05-08,GOOGL,Technology,out_21d,0.6295268535614014,0.6743567585945129,0.006508569404209107
2023-05-09,GOOGL,Technology,out_21d,0.6089015603065491,0.6483473777770996,0.006560644196435745
2023-05-10,GOOGL,Technology,out_21d,0.6684178709983826,0.7048071026802063,0.004465747967310865
2023-05-11,GOOGL,Technology,out_21d,0.5973060727119446,0.6327163577079773,0.0028881079413362624
2023-05-15,JNJ,Healthcare,out_21d,0.5794106125831604,0.6187155246734619,0.000963711380875862
2023-05-16,JNJ,Healthcare,out_21d,0.5671224594116211,0.607951819896698,0.0016811462035189436
2023-05-17,UNH,Healthcare,out_21d,0.6108176708221436,0.6462849378585815,-0.0024003387702431172
2023-05-17,HD,ConsumerDiscretionary,out_21d,0.573962390422821,0.6154028177261353,0.0016534543162576086
2023-05-17,JNJ,Healthcare,out_21d,0.6009021997451782,0.6375257968902588,0.0019405533074322737
2023-05-18,UNH,Healthcare,out_21d,0.6251335144042969,0.6631326079368591,-0.0007862975804770864
2023-05-18,HD,ConsumerDiscretionary,out_21d,0.584370493888855,0.6256073713302612,0.0013584041736628364
2023-05-18,JNJ,Healthcare,out_21d,0.6098034977912903,0.6490334272384644,0.0020697712804723604
2023-05-19,UNH,Healthcare,out_21d,0.6474108099937439,0.6838104724884033,-1.1225831505949701e-05
2023-05-19,HD,ConsumerDiscretionary,out_21d,0.5894353985786438,0.6345438957214355,0.0019619996299386515
2023-05-19,JNJ,Healthcare,out_21d,0.6404327750205994,0.6802719235420227,0.0018598332383345014
2023-05-22,UNH,Healthcare,out_21d,0.663429319858551,0.7035505175590515,3.928010584279088e-05
2023-05-22,HD,ConsumerDiscretionary,out_21d,0.5831027030944824,0.6253637075424194,0.0020787286737211537
2023-05-22,JNJ,Healthcare,out_21d,0.6447988152503967,0.6745057702064514,0.002656133141086613
2023-05-23,UNH,Healthcare,out_21d,0.6680452823638916,0.7058432102203369,-4.786663133284273e-05
2023-05-23,HD,ConsumerDiscretionary,out_21d,0.5968493223190308,0.6359430551528931,0.0012973682414823948
2023-05-23,JNJ,Healthcare,out_21d,0.613815188407898,0.6533215045928955,0.002632850127850771
2023-05-24,UNH,Healthcare,out_21d,0.6821145415306091,0.7164806127548218,1.9459689829917504e-05
2023-05-24,JPM,Financials,out_21d,0.6072210669517517,0.6452025771141052,0.0013546154562074826
2023-05-24,HD,ConsumerDiscretionary,out_21d,0.5968892574310303,0.6326950192451477,0.0031091621995581412
2023-05-25,UNH,Healthcare,out_21d,0.6771541237831116,0.7174218893051147,0.0006819205453965717
2023-05-25,JPM,Financials,out_21d,0.604239821434021,0.6449909806251526,0.001238996074594952
2023-05-25,HD,ConsumerDiscretionary,out_21d,0.5866831541061401,0.6233493089675903,0.0048571774911086735
2023-05-26,UNH,Healthcare,out_21d,0.7127498984336853,0.7506105899810791,-0.0005065674990836529
2023-05-26,HD,ConsumerDiscretionary,out_21d,0.6204723715782166,0.6622269153594971,0.0025834317518320447
2023-05-26,JPM,Financials,out_21d,0.6040415167808533,0.6457387804985046,0.0005737517275293971
2023-05-30,UNH,Healthcare,out_21d,0.7123090028762817,0.7474474310874939,-0.00014430919556268894
2023-05-30,PG,ConsumerStaples,out_21d,0.6370701789855957,0.6789535284042358,0.002062007935801971
2023-05-30,HD,ConsumerDiscretionary,out_21d,0.6216679215431213,0.6662226915359497,0.0028721288776032416
2023-05-31,UNH,Healthcare,out_21d,0.6972936987876892,0.7294445633888245,-0.00045220483385249074
2023-05-31,PG,ConsumerStaples,out_21d,0.6835148334503174,0.717965841293335,0.0030877163015879156
2023-05-31,HD,ConsumerDiscretionary,out_21d,0.6172928810119629,0.6561605930328369,0.004567862586671518
2023-06-01,PG,ConsumerStaples,out_21d,0.7098320126533508,0.7430239915847778,0.0028248459997493036
2023-06-01,UNH,Healthcare,out_21d,0.702666163444519,0.7381227612495422,-0.0013301194767658146
2023-06-01,HD,ConsumerDiscretionary,out_21d,0.661738395690918,0.7021481990814209,0.0035715459718500173
2023-06-02,UNH,Healthcare,out_21d,0.690624475479126,0.7247437834739685,-0.0025188437469417842
2023-06-02,PG,ConsumerStaples,out_21d,0.6658759117126465,0.7149708271026611,0.0018590103747829186
2023-06-02,HD,ConsumerDiscretionary,out_21d,0.6473438143730164,0.6918639540672302,0.0023910918780635174
2023-06-05,PG,ConsumerStaples,out_21d,0.6888472437858582,0.7286504507064819,0.0019740615776131613
2023-06-05,HD,ConsumerDiscretionary,out_21d,0.6628243327140808,0.7023773789405823,0.001449202779178403
2023-06-05,UNH,Healthcare,out_21d,0.6424694061279297,0.6895250678062439,-0.002571533812212677
2023-06-06,HD,ConsumerDiscretionary,out_21d,0.6499833464622498,0.6973021030426025,0.0010955613579150879
2023-06-06,PG,ConsumerStaples,out_21d,0.6490166783332825,0.6884114742279053,0.001420436298628578
2023-06-06,UNH,Healthcare,out_21d,0.6168510913848877,0.6581054925918579,-0.0023532918495166085
2023-06-07,HD,ConsumerDiscretionary,out_21d,0.6453951001167297,0.6817029714584351,0.001354232018485803
2023-06-07,PG,ConsumerStaples,out_21d,0.6227691769599915,0.6634430885314941,0.0013351721000761704
2023-06-07,UNH,Healthcare,out_21d,0.6120457053184509,0.6432448625564575,-0.0016967562466995737
2023-06-08,PG,ConsumerStaples,out_21d,0.5679330229759216,0.6117045283317566,0.0005332960363603359
2023-06-08,UNH,Healthcare,out_21d,0.5593897104263306,0.6031944751739502,-0.002471127075297508
2023-06-21,UNH,Healthcare,out_21d,0.5618935823440552,0.612138032913208,0.002974501930622494
2023-07-03,GOOGL,Technology,out_21d,0.5657276511192322,0.6075528860092163,0.0033678907598049786
2023-10-20,AMZN,ConsumerDiscretionary,out_21d,0.5884349942207336,0.6247340440750122,0.007973920047965832
2023-10-20,V,Financials,out_21d,0.5754342675209045,0.6307618618011475,0.003493618034464357
2023-10-20,JNJ,Healthcare,out_21d,0.5753615498542786,0.6187010407447815,-0.0005880800654668292
2023-10-23,V,Financials,out_21d,0.596886932849884,0.6405789852142334,0.004367834824015535
2023-10-23,AMZN,ConsumerDiscretionary,out_21d,0.5858412384986877,0.6224052906036377,0.006524289880345818
2023-10-23,JNJ,Healthcare,out_21d,0.5561661720275879,0.6004335880279541,0.00029573206661318946
2023-10-24,AMZN,ConsumerDiscretionary,out_21d,0.6086614727973938,0.6437901854515076,0.00672282332501757
2023-10-24,V,Financials,out_21d,0.6077020168304443,0.6545432806015015,0.00397961852617841
2023-10-25,V,Financials,out_21d,0.6282429099082947,0.6693373918533325,0.0036171961301382067
2023-10-25,AMZN,ConsumerDiscretionary,out_21d,0.6159727573394775,0.6513838171958923,0.009944337703731779
2023-10-25,JNJ,Healthcare,out_21d,0.5831798315048218,0.6243075132369995,0.0006758476201550298
2023-10-26,V,Financials,out_21d,0.6234462857246399,0.6627072095870972,0.004818123513119552
2023-10-26,AMZN,ConsumerDiscretionary,out_21d,0.6199102401733398,0.6596525311470032,0.01121478795230009
2023-10-26,JNJ,Healthcare,out_21d,0.5757290720939636,0.6191064715385437,0.0011158379010898223
2023-10-27,AMZN,ConsumerDiscretionary,out_21d,0.6559758186340332,0.6861705183982849,0.0071909463561099715
2023-10-27,V,Financials,out_21d,0.6328979134559631,0.6642428636550903,0.005028068386938811
2023-10-27,JNJ,Healthcare,out_21d,0.5846024751663208,0.6291590332984924,0.0023692666307507182
2023-10-30,V,Financials,out_21d,0.6499974131584167,0.6844404339790344,0.004431593002322802
2023-10-30,AMZN,ConsumerDiscretionary,out_21d,0.6098907589912415,0.6480623483657837,0.004883544829870597
2023-10-30,JNJ,Healthcare,out_21d,0.5889430642127991,0.6355039477348328,0.0020397834935647645
2023-10-31,V,Financials,out_21d,0.6209008693695068,0.6621729135513306,0.00448167196003481
2023-10-31,JNJ,Healthcare,out_21d,0.6206221580505371,0.6575648784637451,0.0024263857613797046
2023-10-31,AMZN,ConsumerDiscretionary,out_21d,0.583213210105896,0.6191270351409912,0.004651345977018233
2023-11-01,AMZN,ConsumerDiscretionary,out_21d,0.6028375029563904,0.6408979296684265,0.003486269996279762
2023-11-01,JNJ,Healthcare,out_21d,0.6021590232849121,0.6368734836578369,0.0035094795753596096
2023-11-01,V,Financials,out_21d,0.5832312107086182,0.6290250420570374,0.0036757169612652877
2023-11-02,JNJ,Healthcare,out_21d,0.6319097876548767,0.6702014803886414,0.003141734215025737
2023-11-02,HD,ConsumerDiscretionary,out_21d,0.5817520022392273,0.6226891279220581,0.005119663513751023
2023-11-02,V,Financials,out_21d,0.5764230489730835,0.6181737780570984,0.002296618387636908
2023-11-03,JNJ,Healthcare,out_21d,0.617476224899292,0.6511185169219971,0.0026681216935096697
2023-11-03,V,Financials,out_21d,0.6036431193351746,0.6488375067710876,0.002258201611821162
2023-11-03,HD,ConsumerDiscretionary,out_21d,0.5842648148536682,0.6264777183532715,0.004842643813785884
2023-11-06,AMZN,ConsumerDiscretionary,out_21d,0.603703498840332,0.6393681764602661,0.0016288749144314483
2023-11-06,JPM,Financials,out_21d,0.5990782380104065,0.6312658190727234,0.004042071509808197
2023-11-06,JNJ,Healthcare,out_21d,0.5699063539505005,0.6148647665977478,0.0019381141749480943
2023-11-07,HD,ConsumerDiscretionary,out_21d,0.6075916290283203,0.6362224221229553,0.005426384112839921
2023-11-07,V,Financials,out_21d,0.581056535243988,0.622063398361206,0.0022556901903007126
2023-11-07,AMZN,ConsumerDiscretionary,out_21d,0.606840968132019,0.6473532319068909,0.0013914324997299076
2023-11-08,AMZN,ConsumerDiscretionary,out_21d,0.6475682258605957,0.6859437823295593,0.0017897349142909028
2023-11-08,V,Financials,out_21d,0.5957851409912109,0.6307575106620789,0.002309596984486903
2023-11-08,PG,ConsumerStaples,out_21d,0.572620153427124,0.6123084425926208,-0.0015427517570152794
2023-11-09,AMZN,ConsumerDiscretionary,out_21d,0.6842614412307739,0.7191413044929504,0.0017916389136664627
2023-11-09,JPM,Financials,out_21d,0.6226567625999451,0.6595538258552551,0.0048876547692907136
2023-11-09,PG,ConsumerStaples,out_21d,0.5807093381881714,0.6284523606300354,-0.0014347469831290862
2023-11-10,AMZN,ConsumerDiscretionary,out_21d,0.6823583841323853,0.7215187549591064,0.0013002687562557206
2023-11-10,JPM,Financials,out_21d,0.6492184400558472,0.6824662089347839,0.004582071466326922
2023-11-10,PG,ConsumerStaples,out_21d,0.6101616621017456,0.6534823775291443,-0.0017203292958188527
2023-11-13,AMZN,ConsumerDiscretionary,out_21d,0.7070220708847046,0.7504308819770813,0.0020872365191299245
2023-11-13,V,Financials,out_21d,0.653439998626709,0.6938004493713379,0.0034468122737149848
2023-11-13,PG,ConsumerStaples,out_21d,0.6503430604934692,0.6914190649986267,-0.0012118674854623675
2023-11-14,AMZN,ConsumerDiscretionary,out_21d,0.7238436937332153,0.7686050534248352,0.0005290989232736272
2023-11-14,JPM,Financials,out_21d,0.6765223145484924,0.7147573232650757,0.004988390097176723
2023-11-14,PG,ConsumerStaples,out_21d,0.6380165815353394,0.6768989562988281,-0.002335245102182859
2023-11-15,HD,ConsumerDiscretionary,out_21d,0.7112553119659424,0.7394983172416687,0.007445470360042574
2023-11-15,JPM,Financials,out_21d,0.6635932922363281,0.7030392289161682,0.004925996780682327
2023-11-15,JNJ,Healthcare,out_21d,0.6348756551742554,0.671990156173706,0.0024329692826296516
2023-11-16,AMZN,ConsumerDiscretionary,out_21d,0.7482021450996399,0.7861049771308899,0.0037473804519756247
2023-11-16,JPM,Financials,out_21d,0.6919379234313965,0.7264564633369446,0.004647141145794052
2023-11-16,JNJ,Healthcare,out_21d,0.6660836935043335,0.7012277245521545,0.002089010916110711
2023-11-17,AMZN,ConsumerDiscretionary,out_21d,0.7677252292633057,0.8037155270576477,0.0028240807945209053
2023-11-17,MA,Financials,out_21d,0.7181211709976196,0.7532059550285339,0.0029941878725904206
2023-11-17,JNJ,Healthcare,out_21d,0.6732048392295837,0.7054822444915771,0.0025187499782444696
2023-11-20,AMZN,ConsumerDiscretionary,out_21d,0.767189621925354,0.7978328466415405,0.0019519443008099316
2023-11-20,V,Financials,out_21d,0.737432062625885,0.7702075242996216,0.001360164428099048
2023-11-20,JNJ,Healthcare,out_21d,0.6802995800971985,0.7167620062828064,0.001067308126057032
2023-11-21,AMZN,ConsumerDiscretionary,out_21d,0.7812193036079407,0.8099945783615112,0.003289322235352351
2023-11-21,MA,Financials,out_21d,0.7265787124633789,0.763939380645752,0.001687241381455463
2023-11-21,JNJ,Healthcare,out_21d,0.6829546689987183,0.7169541120529175,0.0011721940643130992
2023-11-22,AMZN,ConsumerDiscretionary,out_21d,0.7689178586006165,0.8003033995628357,0.002177925076685085
2023-11-22,MA,Financials,out_21d,0.7402508854866028,0.7762176990509033,0.001598015227400091
2023-11-22,JNJ,Healthcare,out_21d,0.6910676956176758,0.7224027514457703,0.0014650054626925172
2023-11-24,AMZN,ConsumerDiscretionary,out_21d,0.7887582182884216,0.8207088708877563,0.0021645014892735805
2023-11-24,V,Financials,out_21d,0.7197089791297913,0.7546531558036804,0.0009100647363246799
2023-11-24,JNJ,Healthcare,out_21d,0.7130589485168457,0.7467387914657593,0.0011366215276997348
2023-11-27,AMZN,ConsumerDiscretionary,out_21d,0.7670842409133911,0.8011987805366516,0.0018083185130521027
2023-11-27,MA,Financials,out_21d,0.7347556948661804,0.7712734341621399,0.0017919577729134265
2023-11-27,JNJ,Healthcare,out_21d,0.707109272480011,0.7418559789657593,0.0015959079927799398
2023-11-28,AMZN,ConsumerDiscretionary,out_21d,0.7860544919967651,0.8187140822410583,0.0020565955623685376
2023-11-28,V,Financials,out_21d,0.7663236856460571,0.7945904731750488,0.00140443405469695
2023-11-28,GOOGL,Technology,out_21d,0.7373728156089783,0.7689732313156128,0.0010516399145318164
2023-11-29,MA,Financials,out_21d,0.7681620121002197,0.8012444972991943,0.0019392897211383264
2023-11-29,AMZN,ConsumerDiscretionary,out_21d,0.7564698457717896,0.7879924774169922,0.0018289967311932362
2023-11-29,META,CommunicationServices,out_21d,0.7300753593444824,0.7667050957679749,0.0031191695958273594
2023-11-30,AMZN,ConsumerDiscretionary,out_21d,0.7694953680038452,0.8039838671684265,0.0
2023-11-30,MA,Financials,out_21d,0.755743682384491,0.7872055768966675,0.0
2023-11-30,META,CommunicationServices,out_21d,0.733898401260376,0.7745760083198547,0.0
2023-12-01,HD,ConsumerDiscretionary,out_21d,0.7593920826911926,0.7904881238937378,0.0
2023-12-01,GOOGL,Technology,out_21d,0.7542410492897034,0.7861415147781372,0.0
2023-12-01,META,CommunicationServices,out_21d,0.7520257830619812,0.7867656946182251,0.0
2023-12-04,AMZN,ConsumerDiscretionary,out_21d,0.7679287791252136,0.7954373359680176,0.0
2023-12-04,GOOGL,Technology,out_21d,0.7491486072540283,0.7807970643043518,0.0
2023-12-04,MA,Financials,out_21d,0.7484586834907532,0.7799009084701538,0.0
2023-12-05,MA,Financials,out_21d,0.7720274329185486,0.8014344573020935,0.0
2023-12-05,TSLA,ConsumerDiscretionary,out_21d,0.7494774460792542,0.7816125750541687,0.0
2023-12-05,GOOGL,Technology,out_21d,0.7414224147796631,0.7752344608306885,0.0
2023-12-06,TSLA,ConsumerDiscretionary,out_21d,0.7645559310913086,0.7982005476951599,0.0
2023-12-06,MA,Financials,out_21d,0.7609406113624573,0.7897684574127197,0.0
2023-12-06,META,CommunicationServices,out_21d,0.723035991191864,0.7523026466369629,0.0
2023-12-07,MA,Financials,out_21d,0.7640717625617981,0.7953761219978333,0.0
2023-12-07,TSLA,ConsumerDiscretionary,out_21d,0.7388781905174255,0.7748889923095703,0.0
2023-12-07,GOOGL,Technology,out_21d,0.7055587768554688,0.7409318685531616,0.0
2023-12-08,TSLA,ConsumerDiscretionary,out_21d,0.7674546837806702,0.7933510541915894,0.0
2023-12-08,MA,Financials,out_21d,0.7492178678512573,0.7919463515281677,0.0
2023-12-08,JNJ,Healthcare,out_21d,0.6926082372665405,0.7208117842674255,0.0
2023-12-11,V,Financials,out_21d,0.7334375381469727,0.767148494720459,0.0
2023-12-11,TSLA,ConsumerDiscretionary,out_21d,0.7300915122032166,0.7655420899391174,0.0
2023-12-11,META,CommunicationServices,out_21d,0.6418562531471252,0.681215763092041,0.0
2023-12-12,TSLA,ConsumerDiscretionary,out_21d,0.7184862494468689,0.7524218559265137,0.0
2023-12-12,V,Financials,out_21d,0.7100429534912109,0.7492513060569763,0.0
2023-12-12,JNJ,Healthcare,out_21d,0.634894073009491,0.6743521690368652,0.0
2023-12-13,TSLA,ConsumerDiscretionary,out_21d,0.7286304235458374,0.7609315514564514,0.0
2023-12-13,MA,Financials,out_21d,0.7002418637275696,0.7347181439399719,0.0
2023-12-13,META,CommunicationServices,out_5d,0.6208109855651855,0.649523913860321,0.008687327470002514
2023-12-14,TSLA,ConsumerDiscretionary,out_21d,0.7302922010421753,0.7707352638244629,0.0
2023-12-14,V,Financials,out_21d,0.7159754037857056,0.7520465850830078,0.0
2023-12-14,JNJ,Healthcare,out_21d,0.6461132168769836,0.6863775849342346,0.0
2023-12-15,TSLA,ConsumerDiscretionary,out_21d,0.7105567455291748,0.7470543384552002,0.0
2023-12-15,MA,Financials,out_21d,0.6693249940872192,0.7047539353370667,0.0
2023-12-15,JNJ,Healthcare,out_21d,0.6543890237808228,0.688102126121521,0.0
2023-12-18,TSLA,ConsumerDiscretionary,out_21d,0.7025037407875061,0.7412853240966797,0.0
2023-12-18,MA,Financials,out_21d,0.6507754921913147,0.6910408735275269,0.0
2023-12-18,JNJ,Healthcare,out_21d,0.630805253982544,0.6776974201202393,0.0
2023-12-19,TSLA,ConsumerDiscretionary,out_21d,0.6775451898574829,0.7127358913421631,0.0
2023-12-19,JNJ,Healthcare,out_21d,0.6684347987174988,0.7057642936706543,0.0
2023-12-19,MA,Financials,out_5d,0.6387361288070679,0.6752395033836365,-0.0005217936861423578
2023-12-20,TSLA,ConsumerDiscretionary,out_21d,0.6771090030670166,0.7149136066436768,0.0
2023-12-20,MA,Financials,out_5d,0.6720861196517944,0.7042973041534424,0.003275702262357072
2023-12-20,JNJ,Healthcare,out_21d,0.6601043343544006,0.695442795753479,0.0
2023-12-21,TSLA,ConsumerDiscretionary,out_21d,0.6755484342575073,0.7078961730003357,0.0
2023-12-21,MA,Financials,out_5d,0.6700599193572998,0.7039967179298401,0.0014500479297061108
2023-12-21,JNJ,Healthcare,out_21d,0.6632838845252991,0.7013762593269348,0.0
2023-12-22,MA,Financials,out_5d,0.6654508113861084,0.6979666352272034,0.0
2023-12-22,JNJ,Healthcare,out_21d,0.6547189950942993,0.6998903751373291,0.0
2023-12-22,TSLA,ConsumerDiscretionary,out_21d,0.6472275853157043,0.6903679370880127,0.0
2023-12-26,JNJ,Healthcare,out_21d,0.6565700173377991,0.6945430636405945,0.0
2023-12-26,MA,Financials,out_5d,0.6518692374229431,0.6870972514152527,0.0
2023-12-26,TSLA,ConsumerDiscretionary,out_5d,0.6366992592811584,0.6751872301101685,0.0
2023-12-27,MA,Financials,out_5d,0.6527848839759827,0.6881601810455322,0.0
2023-12-27,JNJ,Healthcare,out_5d,0.6497716307640076,0.6810537576675415,0.0
2023-12-27,TSLA,ConsumerDiscretionary,out_21d,0.6464757323265076,0.6808716058731079,0.0
2023-12-28,JNJ,Healthcare,out_5d,0.6626971364021301,0.6936527490615845,0.0
2023-12-28,TSLA,ConsumerDiscretionary,out_5d,0.6515889167785645,0.6899520754814148,0.0
2023-12-28,V,Financials,out_5d,0.6456091403961182,0.6781488060951233,0.0
2023-12-29,JNJ,Healthcare,out_5d,0.6767855882644653,0.7057334184646606,0.0
2023-12-29,MA,Financials,out_5d,0.6704018712043762,0.7021073698997498,0.0
2023-12-29,TSLA,ConsumerDiscretionary,out_5d,0.6463236212730408,0.6841899156570435,0.0
